Id	Timing Point	Chip Code	Race No	Chip Time	Create Date	Diff	Can Use			Controller	Name
60529	Base	ZJDJW21	121	19:21:12	21:13.3	+00:00:00	TRUE			U-41787	Mark Conningsby
60528	Base	ZJDHF56	156	19:20:55	20:56.1	+00:00:00	TRUE			U-41787	Radim Klaska
60527	Base	ZJDHF55	155	19:20:54	20:53.9	-00:00:00	TRUE			U-41787	Bartosz Kozak
60526	Base	ZJDHF79	179	19:20:52	20:52.8	+00:00:00	TRUE			U-41787	Andras Varadi-Szabo
60525	Base	ZJDHF74	174	19:20:52	20:52.8	+00:00:00	TRUE			U-41787	Alexis Matton
60524	Base	ZJDHF52	152	19:20:38	20:38.8	+00:00:00	TRUE			U-41787	Thomas Ventoulou
60523	Base	ZJDJW49	149	19:20:16	20:21.6	+00:00:05	TRUE			U-41787	Joel Jones
60522	Base	ZJDHF78	178	19:19:49	19:49.4	-00:00:00	TRUE			U-41787	Sep De Booser
60521	Base	ZJDHF61	161	19:19:13	19:13.9	+00:00:00	TRUE			U-41787	Henry Bisping
60520	Base-3	ZJDHF74	174	19:18:09	18:09.7	+00:00:00	TRUE			U-41787-1932	Alexis Matton
60519	Base-3	ZJDHF56	156	19:18:07	18:08.7	+00:00:00	TRUE			U-41787-1932	Radim Klaska
60518	Base-3	ZJDHF79	179	19:18:05	18:06.5	+00:00:00	TRUE			U-41787-1932	Andras Varadi-Szabo
60517	Base	ZJDHF79	179	19:17:56	17:56.7	+00:00:00	TRUE			U-41787	Andras Varadi-Szabo
60516	Base	ZJDJW36	136	19:17:48	17:48.3	-00:00:00	TRUE			U-41787	Jorge Jimenez
60514	Base	ZJDJW46	146	19:17:45	17:46.1	+00:00:00	TRUE			U-41787	Remo Berli
60515	Base-3	ZJDHF52	152	19:17:45	17:46.1	+00:00:00	TRUE			U-41787-1932	Thomas Ventoulou
60513	Base-3	ZJDJW49	149	19:17:42	17:42.8	+00:00:00	TRUE			U-41787-1932	Joel Jones
60512	Base	ZJDJW49	149	19:17:34	17:34.3	-00:00:00	TRUE			U-41787	Joel Jones
60510	Base	ZJDHF64	164	19:17:20	17:21.4	+00:00:00	TRUE			U-41787	Adrian Krige
60511	Base-3	ZJDHF55	155	19:17:20	17:22.5	+00:00:01	TRUE			U-41787-1932	Bartosz Kozak
60509	Base-3	ZJDJW21	121	19:17:13	17:20.3	+00:00:06	TRUE			U-41787-1932	Mark Conningsby
60508	Base-3	ZJDHF78	178	19:17:10	17:20.3	+00:00:09	TRUE			U-41787-1932	Sep De Booser
60507	Base	ZJDHF55	155	19:17:06	17:07.4	+00:00:00	TRUE			U-41787	Bartosz Kozak
60506	Base-3	ZJDHF61	161	19:16:51	16:52.3	+00:00:00	TRUE			U-41787-1932	Henry Bisping
60505	Base	ZJDJW34	134	19:16:47	16:48.0	+00:00:00	TRUE			U-41787	James Grant
60504	Base	ZJDHF71	171	19:16:47	16:46.9	-00:00:00	TRUE			U-41787	Joshua Billinghurst
60503	Base	ZJDHF61	161	19:16:43	16:43.7	-00:00:00	TRUE			U-41787	Henry Bisping
60502	Base-3	ZJDHF79	179	19:15:10	15:43.5	+00:00:32	TRUE			U-41787-1932	Andras Varadi-Szabo
60501	Base-3	ZJDJW49	149	19:15:02	15:02.9	+00:00:00	TRUE			U-41787-1932	Joel Jones
60500	Base	ZJDJW49	149	19:14:52	14:52.2	+00:00:00	TRUE			U-41787	Joel Jones
60499	Base	ZJDHF60	160	19:14:47	14:47.9	-00:00:00	TRUE			U-41787	Thomas Sabinsky
60498	Base-3	ZJDJW46	146	19:14:41	14:41.3	+00:00:00	TRUE			U-41787-1932	Remo Berli
60497	Base	ZJDJW46	146	19:14:28	14:30.6	+00:00:01	TRUE			U-41787	Remo Berli
60496	Base-3	ZJDHF64	164	19:14:20	14:30.6	+00:00:10	TRUE			U-41787-1932	Adrian Krige
60495	Base-3	ZJDHF61	161	19:14:17	14:30.6	+00:00:12	TRUE			U-41787-1932	Henry Bisping
60494	Base-3	ZJDJW36	136	19:14:11	14:30.6	+00:00:18	TRUE			U-41787-1932	Jorge Jimenez
60493	Base	ZJDHF67	167	19:14:00	14:01.1	+00:00:00	TRUE			U-41787	Thomas De Pauw
60492	Base	ZJDHF84	184	19:13:57	14:00.0	+00:00:02	TRUE			U-41787	Zack Mcfarlane
60489	Base	ZJDHF59	159	19:13:44	13:44.9	+00:00:00	TRUE			U-41787	Benoit Rousseaux
60491	Base-3	ZJDHF71	171	19:13:41	13:53.5	+00:00:12	TRUE			U-41787-1932	Joshua Billinghurst
60490	Base-3	ZJDHF55	155	19:13:37	13:53.5	+00:00:16	TRUE			U-41787-1932	Bartosz Kozak
60488	Base-3	ZJDJW34	134	19:13:31	13:31.9	+00:00:00	TRUE			U-41787-1932	James Grant
60487	Base	ZJDHF71	171	19:13:30	13:30.9	+00:00:00	TRUE			U-41787	Joshua Billinghurst
60486	Base	ZJDHF55	155	19:13:21	13:21.2	-00:00:00	TRUE			U-41787	Bartosz Kozak
60485	Base	ZJDHF63	163	19:13:07	13:07.3	+00:00:00	TRUE			U-41787	Nick Oppy
60484	Base-3	ZJDJW49	149	19:12:18	12:20.0	+00:00:01	TRUE			U-41787-1932	Joel Jones
60483	Base	ZJDJW49	149	19:12:09	12:10.4	+00:00:00	TRUE			U-41787	Joel Jones
60482	Base-3	ZJDHF60	160	19:11:40	11:42.5	+00:00:01	TRUE			U-41787-1932	Thomas Sabinsky
60481	Base	ZJDHF60	160	19:11:30	11:29.6	-00:00:00	TRUE			U-41787	Thomas Sabinsky
60480	Base-3	ZJDJW46	146	19:11:21	11:22.1	+00:00:00	TRUE			U-41787-1932	Remo Berli
60479	Base-3	ZJDHF84	184	19:11:08	11:09.2	+00:00:00	TRUE			U-41787-1932	Zack Mcfarlane
60477	Base	ZJDJW37	137	19:10:58	10:58.4	-00:00:00	TRUE			U-41787	Cedric Ackermann
60478	Base	ZJDHF84	184	19:10:58	10:58.4	+00:00:00	TRUE			U-41787	Zack Mcfarlane
60476	Base-3	ZJDHF67	167	19:10:43	10:44.5	+00:00:01	TRUE			U-41787-1932	Thomas De Pauw
60475	Base	ZJDHF67	167	19:10:30	10:30.6	+00:00:00	TRUE			U-41787	Thomas De Pauw
60474	Base-3	ZJDHF71	171	19:10:29	10:30.6	+00:00:00	TRUE			U-41787-1932	Joshua Billinghurst
60473	Base	ZJDJW19	177	19:10:06	10:06.0	-00:00:00	TRUE			U-41787	Miles Musgrave
60472	Base-3	ZJDHF59	159	19:09:56	09:58.4	+00:00:02	TRUE			U-41787-1932	Benoit Rousseaux
60471	Base-3	ZJDHF55	155	19:09:41	09:42.4	+00:00:00	TRUE			U-41787-1932	Bartosz Kozak
60470	Base-3	ZJDHF63	163	19:09:38	09:40.2	+00:00:02	TRUE			U-41787-1932	Nick Oppy
60469	Base	ZJDHF74	174	19:09:33	09:33.8	+00:00:00	TRUE			U-41787	Alexis Matton
60468	Base-3	ZJDJW49	149	19:09:31	09:31.7	+00:00:00	TRUE			U-41787-1932	Joel Jones
60467	Base	ZJDHF73	173	19:09:15	09:15.6	+00:00:00	TRUE			U-41787	Eduardo Queralto
60466	Base	ZJDHB50	250	19:09:13	09:13.4	+00:00:00	TRUE			U-41787	Jonathan Tims
60465	Base	ZJDHF82	182	19:09:08	09:09.1	+00:00:00	TRUE			U-41787	Wiktor Sowinski
60464	Base-3	ZJDHF60	160	19:08:21	08:23.0	+00:00:01	TRUE			U-41787-1932	Thomas Sabinsky
60463	Base-3	ZJDHF84	184	19:08:05	08:05.9	+00:00:00	TRUE			U-41787-1932	Zack Mcfarlane
60462	Base	ZJDJW40	140	19:07:51	07:52.3	+00:00:00	TRUE			U-41787	Mikkel Roager
60461	Base	ZJDHF93	193	19:07:44	07:44.6	-00:00:00	TRUE			U-41787	Henry Ld
60460	Base-3	ZJDHF67	167	19:07:17	07:17.7	-00:00:00	TRUE			U-41787-1932	Thomas De Pauw
60459	Base-3	ZJDHF67	167	19:07:17	07:17.7	-00:00:00	TRUE			U-41787-1932	Thomas De Pauw
60458	Base-3	ZJDHF67	167	19:07:17	07:17.7	+00:00:00	TRUE			U-41787-1932	Thomas De Pauw
60457	Base-3	ZJDJW37	137	19:07:14	07:14.4	-00:00:00	TRUE			U-41787-1932	Cedric Ackermann
60456	Base	ZJDJW37	137	19:07:04	07:04.7	+00:00:00	TRUE			U-41787	Cedric Ackermann
60455	Base-3	ZJDJW19	177	19:06:54	06:57.1	+00:00:02	TRUE			U-41787-1932	Miles Musgrave
60454	Base	ZJDHF70	170	19:06:53	06:53.9	+00:00:00	TRUE			U-41787	Jeffrey Gamon
60453	Base-3	ZJDHF74	174	19:06:50	06:52.9	+00:00:01	TRUE			U-41787-1932	Alexis Matton
60452	Base	ZJDJW19	177	19:06:43	06:43.2	-00:00:00	TRUE			U-41787	Miles Musgrave
60451	Base	ZJDHF74	174	19:06:39	06:40.0	+00:00:00	TRUE			U-41787	Alexis Matton
60450	Base-3	ZJDHF73	173	19:05:57	05:58.1	+00:00:00	TRUE			U-41787-1932	Eduardo Queralto
60449	Base-3	ZJDHF82	182	19:05:54	05:56.0	+00:00:00	TRUE			U-41787-1932	Wiktor Sowinski
60448	Base-3	ZJDHB50	250	19:05:54	05:55.9	+00:00:01	TRUE			U-41787-1932	Jonathan Tims
60447	Base	ZJDHF73	173	19:05:45	05:45.2	-00:00:00	TRUE			U-41787	Eduardo Queralto
60446	Base	ZJDHB50	250	19:05:43	05:43.1	-00:00:00	TRUE			U-41787	Jonathan Tims
60445	Base	ZJDHF82	182	19:05:43	05:43.1	-00:00:00	TRUE			U-41787	Wiktor Sowinski
60444	Base-3	ZJDHF93	193	19:04:52	04:55.1	+00:00:02	TRUE			U-41787-1932	Henry Ld
60443	Base	ZJDHF93	193	19:04:43	04:43.4	-00:00:00	TRUE			U-41787	Henry Ld
60442	Base-3	ZJDJW37	137	19:04:04	04:04.9	+00:00:00	TRUE			U-41787-1932	Cedric Ackermann
60441	Base	ZJDJW37	137	19:03:54	03:54.3	-00:00:00	TRUE			U-41787	Cedric Ackermann
60440	Base-3	ZJDHF74	174	19:03:51	03:54.3	+00:00:02	TRUE			U-41787-1932	Alexis Matton
60439	Base-3	ZJDHF70	170	19:03:45	03:46.8	+00:00:01	TRUE			U-41787-1932	Jeffrey Gamon
60438	Base-3	ZJDJW19	177	19:03:41	03:46.8	+00:00:04	TRUE			U-41787-1932	Miles Musgrave
60437	Base	ZJDHF70	170	19:03:33	03:35.1	+00:00:01	TRUE			U-41787	Jeffrey Gamon
60436	Base	ZJDJW19	177	19:03:30	03:30.9	+00:00:00	TRUE			U-41787	Miles Musgrave
60435	Base	ZJDHF69	169	19:03:26	03:26.6	+00:00:00	TRUE			U-41787	Eduardo Stralis Pavese
60434	Base-3	ZJDJW40	140	19:03:03	03:04.2	+00:00:00	TRUE			U-41787-1932	Mikkel Roager
60433	Base	ZJDJW39	139	19:02:33	02:33.1	-00:00:00	TRUE			U-41787	Thorkild Rasmussen
60432	Base-3	ZJDHB50	250	19:02:21	02:22.4	+00:00:00	TRUE			U-41787-1932	Jonathan Tims
60431	Base-3	ZJDHF73	173	19:02:17	02:20.3	+00:00:02	TRUE			U-41787-1932	Eduardo Queralto
60430	Base-3	ZJDHF82	182	19:02:02	02:03.3	+00:00:00	TRUE			U-41787-1932	Wiktor Sowinski
60429	Base-3	ZJDHF93	193	19:02:02	02:03.2	+00:00:01	TRUE			U-41787-1932	Henry Ld
60428	Base	ZJDJW48	148	19:02:01	02:03.2	+00:00:01	TRUE			U-41787	Jacob Jones
60427	Base	ZJDHF53	153	19:01:52	01:54.8	+00:00:02	TRUE			U-41787	James Pitcher
60426	Base	ZJDHF82	182	19:01:49	01:54.8	+00:00:05	TRUE			U-41787	Wiktor Sowinski
60425	Base	ZJDJW43	143	19:01:40	01:54.8	+00:00:14	TRUE			U-41787	Nico Stuart
60424	Base-3	ZJDJW37	137	19:00:55	01:54.8	+00:00:59	TRUE			U-41787-1932	Cedric Ackermann
60423	Base-3	ZJDHF70	170	19:00:36	01:54.8	+00:01:18	TRUE			U-41787-1932	Jeffrey Gamon
60422	Base	ZJDHF57	157	19:00:32	01:54.8	+00:01:21	TRUE			U-41787	Herman Dijkstra
60421	Base-3	ZJDJW19	177	19:00:25	01:54.8	+00:01:29	TRUE			U-41787-1932	Miles Musgrave
60420	Base	ZJDHF52	152	19:00:14	01:54.8	+00:01:40	TRUE			U-41787	Thomas Ventoulou
60419	Base	ZJDHF78	178	19:00:03	01:54.8	+00:01:50	TRUE			U-41787	Sep De Booser
60418	Base-3	ZJDHF69	169	18:59:31	01:54.8	+00:02:22	TRUE			U-41787-1932	Eduardo Stralis Pavese
60417	Base-3	ZJDJW39	139	18:59:22	01:54.8	+00:02:32	TRUE			U-41787-1932	Thorkild Rasmussen
60416	Base	ZJDHF69	169	18:59:15	01:54.8	+00:02:39	TRUE			U-41787	Eduardo Stralis Pavese
60414	Base	ZJDJW39	139	18:59:10	01:54.8	+00:02:44	TRUE			U-41787	Thorkild Rasmussen
60415	Base-3	ZJDJW48	148	18:59:06	01:54.8	+00:02:47	TRUE			U-41787-1932	Jacob Jones
60413	Base	ZJDJW48	148	18:58:58	01:54.8	+00:02:55	TRUE			U-41787	Jacob Jones
60412	Base-3	ZJDHF53	153	18:58:34	01:54.8	+00:03:20	TRUE			U-41787-1932	James Pitcher
60411	Base-3	ZJDHF82	182	18:58:29	01:54.8	+00:03:25	TRUE			U-41787-1932	Wiktor Sowinski
60410	Base-3	ZJDJW43	143	18:58:18	01:54.8	+00:03:36	TRUE			U-41787-1932	Nico Stuart
60409	Base	ZJDJW33	133	18:58:11	01:54.8	+00:03:43	TRUE			U-41787	Kate Paxton
60408	Base	ZJDJW43	143	18:58:08	01:54.8	+00:03:46	TRUE			U-41787	Nico Stuart
60407	Base	ZJDHF55	155	18:58:03	01:54.8	+00:03:51	TRUE			U-41787	Bartosz Kozak
60406	Base-3	ZJDHF52	152	18:57:18	57:20.4	+00:00:02	TRUE			U-41787-1932	Thomas Ventoulou
60405	Base-3	ZJDHF78	178	18:57:14	57:15.1	+00:00:00	TRUE			U-41787-1932	Sep De Booser
60404	Base	ZJDHF52	152	18:57:08	57:08.8	+00:00:00	TRUE			U-41787	Thomas Ventoulou
60403	Base	ZJDHF78	178	18:57:03	57:08.8	+00:00:04	TRUE			U-41787	Sep De Booser
60402	Base-3	ZJDHF57	157	18:56:47	57:08.8	+00:00:20	TRUE			U-41787-1932	Herman Dijkstra
60401	Base	ZJDHF57	157	18:56:35	56:36.8	+00:00:01	TRUE			U-41787	Herman Dijkstra
60400	Base-3	ZJDJW48	148	18:56:00	56:01.4	+00:00:00	TRUE			U-41787-1932	Jacob Jones
60399	Base-3	ZJDJW39	139	18:55:59	56:00.4	+00:00:00	TRUE			U-41787-1932	Thorkild Rasmussen
60398	Base	ZJDJW27	127	18:55:40	55:41.1	+00:00:00	TRUE			U-41787	Lars Vloemans
60397	Base	ZJDHF79	179	18:55:37	55:37.9	+00:00:00	TRUE			U-41787	Andras Varadi-Szabo
60396	Base-3	ZJDHF69	169	18:55:28	55:29.5	+00:00:00	TRUE			U-41787-1932	Eduardo Stralis Pavese
60395	Base-3	ZJDHF69	169	18:55:28	55:29.5	+00:00:01	TRUE			U-41787-1932	Eduardo Stralis Pavese
60394	Base	ZJDHF74	174	18:55:03	55:04.0	+00:00:00	TRUE			U-41787	Alexis Matton
60393	Base-3	ZJDJW43	143	18:54:47	54:49.1	+00:00:01	TRUE			U-41787-1932	Nico Stuart
60392	Base-3	ZJDJW33	133	18:54:44	54:44.9	+00:00:00	TRUE			U-41787-1932	Kate Paxton
60391	Base	ZJDJW33	133	18:54:30	54:30.0	-00:00:00	TRUE			U-41787	Kate Paxton
60390	Base-3	ZJDHF55	155	18:54:24	54:25.8	+00:00:00	TRUE			U-41787-1932	Bartosz Kozak
60389	Base-3	ZJDHF52	152	18:54:18	54:19.5	+00:00:00	TRUE			U-41787-1932	Thomas Ventoulou
60387	Base	ZJDHF61	161	18:54:17	54:17.3	-00:00:00	TRUE			U-41787	Henry Bisping
60388	Base-3	ZJDHF78	178	18:54:17	54:17.3	+00:00:00	TRUE			U-41787-1932	Sep De Booser
60386	Base	ZJDHF55	155	18:54:10	54:11.0	+00:00:00	TRUE			U-41787	Bartosz Kozak
60385	Base	ZJDHF78	178	18:54:05	54:05.6	-00:00:00	TRUE			U-41787	Sep De Booser
60384	Base	ZJDHF67	167	18:53:58	53:58.1	-00:00:00	TRUE			U-41787	Thomas De Pauw
60383	Base-3	ZJDHF57	157	18:53:07	53:08.0	+00:00:00	TRUE			U-41787-1932	Herman Dijkstra
60382	Base	ZJDHF68	168	18:52:42	52:42.4	-00:00:00	TRUE			U-41787	Fabian Scherrer
60381	Base-3	ZJDHF79	179	18:52:40	52:41.3	+00:00:01	TRUE			U-41787-1932	Andras Varadi-Szabo
60380	Base	ZJDHF79	179	18:52:30	52:30.7	+00:00:00	TRUE			U-41787	Andras Varadi-Szabo
60379	Base-3	ZJDHF74	174	18:52:20	52:22.1	+00:00:01	TRUE			U-41787-1932	Alexis Matton
60378	Base	ZJDHF74	174	18:52:10	52:10.4	+00:00:00	TRUE			U-41787	Alexis Matton
60377	Base-3	ZJDJW27	127	18:52:05	52:07.2	+00:00:01	TRUE			U-41787-1932	Lars Vloemans
60376	Base-3	ZJDHF61	161	18:51:53	51:59.8	+00:00:06	TRUE			U-41787-1932	Henry Bisping
60375	Base	ZJDJW27	127	18:51:53	51:55.5	+00:00:02	TRUE			U-41787	Lars Vloemans
60374	Base	ZJDHF61	161	18:51:45	51:55.5	+00:00:09	TRUE			U-41787	Henry Bisping
60373	Base-3	ZJDHF78	178	18:51:07	51:55.5	+00:00:47	TRUE			U-41787-1932	Sep De Booser
60372	Base-3	ZJDJW33	133	18:50:55	51:55.5	+00:01:00	TRUE			U-41787-1932	Kate Paxton
60371	Base-3	ZJDHF67	167	18:50:41	51:55.5	+00:01:13	TRUE			U-41787-1932	Thomas De Pauw
60370	Base	ZJDHF92	192	18:50:41	51:55.5	+00:01:13	TRUE			U-41787	Lennart Duijn
60369	Base-3	ZJDHF55	155	18:50:34	51:55.5	+00:01:21	TRUE			U-41787-1932	Bartosz Kozak
60368	Base	ZJDHF63	163	18:50:28	51:55.5	+00:01:27	TRUE			U-41787	Nick Oppy
60367	Base	ZJDHF67	167	18:50:28	51:55.5	+00:01:27	TRUE			U-41787	Thomas De Pauw
60366	Base	ZJDHF54	154	18:50:08	51:55.5	+00:01:47	TRUE			U-41787	Kacper Kozak
60365	Base-3	ZJDHF79	179	18:49:32	51:55.5	+00:02:23	TRUE			U-41787-1932	Andras Varadi-Szabo
60364	Base	ZJDHF79	179	18:49:22	51:55.5	+00:02:32	TRUE			U-41787	Andras Varadi-Szabo
60363	Base-3	ZJDHF74	174	18:49:20	51:55.5	+00:02:34	TRUE			U-41787-1932	Alexis Matton
60362	Base-3	ZJDHF61	161	18:49:19	51:55.5	+00:02:36	TRUE			U-41787-1932	Henry Bisping
60361	Base-3	ZJDHF68	168	18:49:05	49:16.7	+00:00:11	TRUE			U-41787-1932	Fabian Scherrer
60360	Base	ZJDJW36	136	18:48:59	48:59.8	+00:00:00	TRUE			U-41787	Jorge Jimenez
60359	Base	ZJDHF84	184	18:48:57	48:57.6	-00:00:00	TRUE			U-41787	Zack Mcfarlane
60358	Base	ZJDHF68	168	18:48:51	48:51.2	-00:00:00	TRUE			U-41787	Fabian Scherrer
60357	Base-3	ZJDJW27	127	18:48:22	48:40.5	+00:00:18	TRUE			U-41787-1932	Lars Vloemans
60356	Base	ZJDJW50	150	18:48:00	48:40.5	+00:00:39	TRUE			U-41787	Sam O'Connell
60355	Base-3	ZJDHF67	167	18:47:07	48:40.5	+00:01:33	TRUE			U-41787-1932	Thomas De Pauw
60354	Base-3	ZJDHF92	192	18:47:03	48:40.5	+00:01:36	TRUE			U-41787-1932	Lennart Duijn
60352	Base	ZJDHF92	192	18:46:48	46:49.0	+00:00:00	TRUE			U-41787	Lennart Duijn
60351	Base	ZJDHF64	164	18:46:43	46:44.7	+00:00:01	TRUE			U-41787	Adrian Krige
60353	Base-3	ZJDHF63	163	18:46:43	47:02.8	+00:00:19	TRUE			U-41787-1932	Nick Oppy
60350	Base-3	ZJDHF79	179	18:46:25	46:26.5	+00:00:01	TRUE			U-41787-1932	Andras Varadi-Szabo
60349	Base-3	ZJDHF54	154	18:46:16	46:22.3	+00:00:05	TRUE			U-41787-1932	Kacper Kozak
60348	Base	ZJDJW21	121	18:46:15	46:22.3	+00:00:06	TRUE			U-41787	Mark Conningsby
60342	Base	ZJDHF60	160	18:46:01	46:22.3	+00:00:20	TRUE			U-41787	Thomas Sabinsky
60341	Base	ZKDEC05	181	18:45:48	46:22.3	+00:00:34	TRUE			U-41787	Piotr Sowinski
60347	Base-3	ZJDHF84	184	18:45:47	46:22.3	+00:00:34	TRUE			U-41787-1932	Zack Mcfarlane
60340	Base	ZJDHF84	184	18:45:36	46:22.3	+00:00:45	TRUE			U-41787	Zack Mcfarlane
60346	Base-3	ZJDJW36	136	18:45:19	46:22.3	+00:01:02	TRUE			U-41787-1932	Jorge Jimenez
60345	Base-3	ZJDHF68	168	18:45:15	46:22.3	+00:01:06	TRUE			U-41787-1932	Fabian Scherrer
60344	Base-3	ZJDHF68	168	18:45:15	46:22.3	+00:01:06	TRUE			U-41787-1932	Fabian Scherrer
60339	Base	ZJDJW36	136	18:45:03	46:22.3	+00:01:18	TRUE			U-41787	Jorge Jimenez
60343	Base-3	ZJDJW50	150	18:45:03	46:22.3	+00:01:19	TRUE			U-41787-1932	Sam O'Connell
60338	Base	ZJDJW50	150	18:44:53	46:22.3	+00:01:29	TRUE			U-41787	Sam O'Connell
60337	Base	ZJDHF56	156	18:44:51	46:22.3	+00:01:30	TRUE			U-41787	Radim Klaska
60336	Base	ZJDHF64	164	18:43:19	43:19.5	+00:00:00	TRUE			U-41787	Adrian Krige
60335	Base	ZJDHF71	171	18:42:43	42:43.3	-00:00:00	TRUE			U-41787	Joshua Billinghurst
60334	Base	ZJDHF60	160	18:42:41	42:42.2	+00:00:00	TRUE			U-41787	Thomas Sabinsky
60333	Base	ZJDHF84	184	18:42:29	42:29.5	+00:00:00	TRUE			U-41787	Zack Mcfarlane
60332	Base	ZKDEC05	181	18:41:54	41:54.4	+00:00:00	TRUE			U-41787	Piotr Sowinski
60331	Base	ZJDHF56	156	18:41:48	41:49.0	+00:00:00	TRUE			U-41787	Radim Klaska
60330	Base	ZJDJW34	134	18:41:40	41:40.5	-00:00:00	TRUE			U-41787	James Grant
60329	Base	ZJDJW38	138	18:40:55	40:55.8	+00:00:00	TRUE			U-41787	Chantelle Warner-Wells
60328	Base	ZJDHF72	172	18:40:40	40:40.9	+00:00:00	TRUE			U-41787	Jelle Keizer
60327	Base	ZJDHF52	152	18:39:41	39:41.3	-00:00:00	TRUE			U-41787	Thomas Ventoulou
60326	Base	ZJDHF60	160	18:39:31	39:31.6	+00:00:00	TRUE			U-41787	Thomas Sabinsky
60325	Base	ZJDHF71	171	18:39:26	39:26.3	-00:00:00	TRUE			U-41787	Joshua Billinghurst
60324	Base	ZJDHF93	193	18:39:12	39:12.6	-00:00:00	TRUE			U-41787	Henry Ld
60323	Base	ZJDHF56	156	18:38:41	38:40.7	-00:00:00	TRUE			U-41787	Radim Klaska
60322	Base	ZJDJW34	134	18:38:02	38:02.3	-00:00:00	TRUE			U-41787	James Grant
60321	Base	ZJDHF55	155	18:37:49	37:49.6	+00:00:00	TRUE			U-41787	Bartosz Kozak
60320	Base	ZJDJW38	138	18:36:54	36:54.1	+00:00:00	TRUE			U-41787	Chantelle Warner-Wells
60319	Base	ZJDHF72	172	18:36:44	36:44.6	+00:00:00	TRUE			U-41787	Jelle Keizer
60318	Base	ZJDHF52	152	18:36:32	36:32.9	+00:00:00	TRUE			U-41787	Thomas Ventoulou
60317	Base	ZJDHF93	193	18:36:25	36:25.4	-00:00:00	TRUE			U-41787	Henry Ld
60316	Base	ZJDJW47	147	18:36:03	36:04.1	+00:00:00	TRUE			U-41787	Florent Audrit
60315	Base	ZJDJW19	177	18:35:36	35:36.4	-00:00:00	TRUE			U-41787	Miles Musgrave
60314	Base	ZJDJW46	146	18:35:20	35:20.5	-00:00:00	TRUE			U-41787	Remo Berli
60313	Base	ZJDHF73	173	18:34:14	34:14.5	+00:00:00	TRUE			U-41787	Eduardo Queralto
60312	Base	ZJDHF55	155	18:33:42	33:42.5	+00:00:00	TRUE			U-41787	Bartosz Kozak
60311	Base	ZJDJW43	143	18:33:20	33:20.2	+00:00:00	TRUE			U-41787	Nico Stuart
60310	Base	ZJDHF70	170	18:33:08	33:10.7	+00:00:01	TRUE			U-41787	Jeffrey Gamon
60309	Base	ZJDJW47	147	18:32:41	32:42.0	+00:00:00	TRUE			U-41787	Florent Audrit
60308	Base	ZJDHF51	151	18:32:41	32:41.0	-00:00:00	TRUE			U-41787	Mollie Stuart
60307	Base	ZJDJW29	129	18:32:40	32:39.9	-00:00:00	TRUE			U-41787	Lorenz Clary
60306	Base	ZJDJW19	177	18:32:20	32:20.8	+00:00:00	TRUE			U-41787	Miles Musgrave
60305	Base	ZJDJW46	146	18:31:59	31:59.4	+00:00:00	TRUE			U-41787	Remo Berli
60304	Base	ZJDHF53	153	18:30:02	30:02.8	+00:00:00	TRUE			U-41787	James Pitcher
60303	Base	ZJDJW43	143	18:30:00	30:00.7	+00:00:00	TRUE			U-41787	Nico Stuart
60302	Base	ZJDHF70	170	18:29:30	29:29.7	-00:00:00	TRUE			U-41787	Jeffrey Gamon
60301	Base	ZJDHF55	155	18:29:22	29:23.3	+00:00:00	TRUE			U-41787	Bartosz Kozak
60300	Base	ZJDJW47	147	18:29:21	29:21.2	+00:00:00	TRUE			U-41787	Florent Audrit
60299	Base	ZJDJW29	129	18:29:12	29:12.7	+00:00:00	TRUE			U-41787	Lorenz Clary
60298	Base	ZJDJW19	177	18:29:03	29:03.0	-00:00:00	TRUE			U-41787	Miles Musgrave
60297	Base	ZJDJW37	137	18:28:25	28:25.9	+00:00:00	TRUE			U-41787	Cedric Ackermann
60296	Base	ZJDHF51	151	18:28:24	28:23.8	-00:00:00	TRUE			U-41787	Mollie Stuart
60295	Base	ZJDHF51	151	18:28:24	28:23.8	-00:00:00	TRUE			U-41787	Mollie Stuart
60294	Base	ZJDJW33	133	18:26:29	26:29.2	-00:00:00	TRUE			U-41787	Kate Paxton
60293	Base	ZJDHF61	161	18:26:26	26:26.1	+00:00:00	TRUE			U-41787	Henry Bisping
60292	Base	ZJDHF67	167	18:25:49	25:49.9	+00:00:00	TRUE			U-41787	Thomas De Pauw
60291	Base	ZJDJW32	132	18:25:40	25:40.4	+00:00:00	TRUE			U-41787	Jonas Andersen
60290	Base	ZJDHF59	159	18:25:31	25:31.8	+00:00:00	TRUE			U-41787	Benoit Rousseaux
60289	Base	ZJDHF78	178	18:25:28	25:28.6	-00:00:00	TRUE			U-41787	Sep De Booser
60288	Base	ZJDHF82	182	18:25:26	25:26.4	+00:00:00	TRUE			U-41787	Wiktor Sowinski
60287	Base	ZJDJW37	137	18:25:12	25:12.6	-00:00:00	TRUE			U-41787	Cedric Ackermann
60286	Base	ZJDJW49	149	18:24:04	24:04.6	+00:00:00	TRUE			U-41787	Joel Jones
60285	Base	ZJDHF61	161	18:23:44	23:44.5	+00:00:00	TRUE			U-41787	Henry Bisping
60284	Base	ZJDJW33	133	18:22:29	22:29.7	+00:00:00	TRUE			U-41787	Kate Paxton
60283	Base	ZJDHF67	167	18:22:13	22:12.7	-00:00:00	TRUE			U-41787	Thomas De Pauw
60282	Base	ZJDJW32	132	18:22:10	22:10.6	+00:00:00	TRUE			U-41787	Jonas Andersen
60281	Base	ZJDHF59	159	18:22:09	22:09.5	+00:00:00	TRUE			U-41787	Benoit Rousseaux
60280	Base	ZJDHF82	182	18:22:05	22:05.3	+00:00:00	TRUE			U-41787	Wiktor Sowinski
60279	Base	ZJDJW37	137	18:21:57	21:56.8	-00:00:00	TRUE			U-41787	Cedric Ackermann
60278	Base	ZJDJW49	149	18:21:23	21:23.9	-00:00:00	TRUE			U-41787	Joel Jones
60277	Base	ZJDHF78	178	18:21:14	21:14.3	-00:00:00	TRUE			U-41787	Sep De Booser
60276	Base	ZJDHF61	161	18:21:08	21:09.0	+00:00:00	TRUE			U-41787	Henry Bisping
60275	Base-3	ZJDHF59	159	18:18:45	18:47.3	+00:00:01	TRUE			U-41787-1932	Benoit Rousseaux
60274	Base-3	ZJDHF82	182	18:18:45	18:45.2	-00:00:00	TRUE			U-41787-1932	Wiktor Sowinski
60273	Base-3	ZJDHF78	178	18:18:43	18:43.1	-00:00:00	TRUE			U-41787-1932	Sep De Booser
60272	Base-3	ZJDJW49	149	18:18:42	18:43.1	+00:00:00	TRUE			U-41787-1932	Joel Jones
60271	Base-3	ZJDHF61	161	18:18:41	18:42.1	+00:00:00	TRUE			U-41787-1932	Henry Bisping
60270	Base	ZJDJW33	133	18:18:34	18:34.7	+00:00:00	TRUE			U-41787	Kate Paxton
60269	Base	ZJDHF67	167	18:18:34	18:34.7	+00:00:00	TRUE			U-41787	Thomas De Pauw
60267	Base	ZJDHF67	167	18:18:34	18:33.6	-00:00:00	TRUE			U-41787	Thomas De Pauw
60268	Base	ZJDJW37	137	18:18:33	18:34.7	+00:00:00	TRUE			U-41787	Cedric Ackermann
60266	Base	ZJDHF61	161	18:18:33	18:33.6	-00:00:00	TRUE			U-41787	Henry Bisping
60263	Base	ZJDJW32	132	18:18:33	18:33.6	-00:00:00	TRUE			U-41787	Jonas Andersen
60265	Base	ZJDHF59	159	18:18:33	18:33.6	-00:00:00	TRUE			U-41787	Benoit Rousseaux
60264	Base	ZJDHF82	182	18:18:33	18:33.6	-00:00:00	TRUE			U-41787	Wiktor Sowinski
60262	Base	ZJDHF78	178	18:18:33	18:33.6	+00:00:00	TRUE			U-41787	Sep De Booser
60261	Base	ZJDJW49	149	18:18:33	18:33.6	+00:00:00	TRUE			U-41787	Joel Jones
